basis,factor,alpha,alpha_morozov,E2,residual
Haar,0.01,8.125703496958834e-06,0.0008125703496958833,0.04799251514920755,0.0004615228237667558
Haar,0.014677992676220698,1.1926901641750268e-05,0.0008125703496958833,0.04254452701763764,0.0004671437845282273
Haar,0.021544346900318832,1.7506297494761493e-05,0.0008125703496958833,0.03900242074559389,0.0004720519902918739
Haar,0.03162277660168379,2.5695730641584995e-05,0.0008125703496958833,0.03663773632686031,0.0004766806964630812
Haar,0.046415888336127774,3.771617461673242e-05,0.0008125703496958833,0.03494178511646555,0.00048162883760792974
Haar,0.06812920690579612,5.535977347994594e-05,0.0008125703496958833,0.03362245873777805,0.00048774942684063466
Haar,0.1,8.125703496958834e-05,0.0008125703496958833,0.032544364548608914,0.0004963956090239719
Haar,0.1467799267622069,0.00011926901641750262,0.0008125703496958833,0.031659773090198864,0.0005099986773315319
Haar,0.21544346900318834,0.00017506297494761496,0.0008125703496958833,0.030953282003148584,0.0005332426288118182
Haar,0.31622776601683794,0.00025695730641585,0.0008125703496958833,0.0304108362270918,0.0005750235872324922
Haar,0.46415888336127775,0.0003771617461673242,0.0008125703496958833,0.030012462483690685,0.0006508886516196317
Haar,0.6812920690579611,0.0005535977347994594,0.0008125703496958833,0.029737195127523323,0.0007848549056729326
Haar,1.0,0.0008125703496958833,0.0008125703496958833,0.029568032478896764,0.0010099657556221354
Haar,1.467799267622069,0.0011926901641750262,0.0008125703496958833,0.029493172090856588,0.0013696621207782364
Haar,2.154434690031882,0.0017506297494761483,0.0008125703496958833,0.02950718317462623,0.0019230520062752546
Haar,3.1622776601683795,0.0025695730641585,0.0008125703496958833,0.02961650487143768,0.0027545642945271116
Haar,4.6415888336127775,0.003771617461673242,0.0008125703496958833,0.029851133959891647,0.003987383950231497
Haar,6.812920690579608,0.005535977347994591,0.0008125703496958833,0.030285754991674144,0.005801548690248788
Haar,10.0,0.008125703496958833,0.0008125703496958833,0.031080378368996905,0.008458837522045166
Haar,14.67799267622069,0.01192690164175026,0.0008125703496958833,0.03255544266178658,0.012336961627243537
Haar,21.54434690031882,0.017506297494761486,0.0008125703496958833,0.03530508103329757,0.017975429323306324
Haar,31.622776601683793,0.025695730641584997,0.0008125703496958833,0.0403100939903577,0.02613430611879341
Haar,46.41588833612777,0.03771617461673241,0.0008125703496958833,0.04896536569847336,0.037863355290009705
Haar,68.12920690579608,0.05535977347994591,0.0008125703496958833,0.06299186565795636,0.054570238639736784
Haar,100.0,0.08125703496958833,0.0008125703496958833,0.0843420789683433,0.07805952060996103
Hybrid,0.01,8.17809224628538e-06,0.0008178092246285381,0.040680186724326314,0.0004562268198725612
Hybrid,0.014677992676220698,1.2003797809643409e-05,0.0008178092246285381,0.033100484192056,0.0004627576475705554
Hybrid,0.021544346900318832,1.7619165633677992e-05,0.0008178092246285381,0.02773354290616414,0.0004684479025683804
Hybrid,0.03162277660168379,2.58613984132245e-05,0.0008178092246285381,0.02391792941218273,0.00047368420713905497
Hybrid,0.046415888336127774,3.795934165061346e-05,0.0008178092246285381,0.021055490486278847,0.0004790674648965963
Hybrid,0.06812920690579612,5.5716693874186366e-05,0.0008178092246285381,0.01871596833343785,0.00048549219069788616
Hybrid,0.1,8.178092246285382e-05,0.0008178092246285381,0.016661650006921516,0.0004943752063246793
Hybrid,0.1467799267622069,0.00012003797809643404,0.0008178092246285381,0.014810618526267767,0.0005082020297636135
Hybrid,0.21544346900318834,0.00017619165633677992,0.0008178092246285381,0.013173993400231539,0.0005316678383940804
Hybrid,0.31622776601683794,0.000258613984132245,0.0008178092246285381,0.011795831406256816,0.0005736439999196685
Hybrid,0.46415888336127775,0.0003795934165061346,0.0008178092246285381,0.010715115206283272,0.0006496982180536938
Hybrid,0.6812920690579611,0.0005571669387418636,0.0008178092246285381,0.009953654098262916,0.000784018110525482
Hybrid,1.0,0.0008178092246285381,0.0008178092246285381,0.009517775302104833,0.0010099657556229924
Hybrid,1.467799267622069,0.0012003797809643404,0.0008178092246285381,0.009401757588766402,0.0013713334055650674
Hybrid,2.154434690031882,0.0017619165633677982,0.0008178092246285381,0.009595228098597175,0.0019275647284926008
Hybrid,3.1622776601683795,0.00258613984132245,0.0008178092246285381,0.010102514798525987,0.002763502178515389
Hybrid,4.6415888336127775,0.003795934165061346,0.0008178092246285381,0.010972182154214865,0.004002962806463129
Hybrid,6.812920690579608,0.005571669387418633,0.0008178092246285381,0.012330624053013115,0.005826955770628473
Hybrid,10.0,0.00817809224628538,0.0008178092246285381,0.014420708151893296,0.00849869000704299
Hybrid,14.67799267622069,0.012003797809643403,0.0008178092246285381,0.01764556371410336,0.012397924732153936
Hybrid,21.54434690031882,0.017619165633677984,0.0008178092246285381,0.022607147446109522,0.018067039375423158
Hybrid,31.622776601683793,0.025861398413224497,0.0008178092246285381,0.030136162006213343,0.026269992022072614
Hybrid,46.41588833612777,0.03795934165061346,0.0008178092246285381,0.041332205718527706,0.038061555553436016
Hybrid,68.12920690579608,0.05571669387418633,0.0008178092246285381,0.05762424584943756,0.05485534475725154
Hybrid,100.0,0.0817809224628538,0.0008178092246285381,0.08081793200073183,0.07846205361617108
Legendre,0.01,8.179130886941036e-06,0.0008179130886941037,0.04069391394888137,0.00045606735502332123
Legendre,0.014677992676220698,1.2005322325637104e-05,0.0008179130886941037,0.0330729967989267,0.00046264570195484736
Legendre,0.021544346900318832,1.7621403317137015e-05,0.0008179130886941037,0.027684135324680666,0.0004683615386915479
Legendre,0.03162277660168379,2.5864682883366823e-05,0.0008179130886941037,0.023862563084327323,0.0004736047394894213
Legendre,0.046415888336127774,3.796416259348289e-05,0.0008179130886941037,0.021005463665679742,0.00047897975161858896
Legendre,0.06812920690579612,5.572377005059936e-05,0.0008179130886941037,0.01867751766811521,0.0004853855717647253
Legendre,0.1,8.179130886941037e-05,0.0008179130886941037,0.016636568175117356,0.0004942454086047739
Legendre,0.1467799267622069,0.00012005322325637099,0.0008179130886941037,0.014797480877976821,0.0005080529575024677
Legendre,0.21544346900318834,0.00017621403317137017,0.0008179130886941037,0.013169663918204955,0.0005315114843474944
Legendre,0.31622776601683794,0.0002586468288336682,0.0008179130886941037,0.011796852757044049,0.0005734980307307838
Legendre,0.46415888336127775,0.0003796416259348289,0.0008179130886941037,0.010718571059271762,0.0006495825930927603
Legendre,0.6812920690579611,0.0005572377005059936,0.0008179130886941037,0.00995743898093934,0.0007839519951152581
Legendre,1.0,0.0008179130886941037,0.0008179130886941037,0.00952056779436735,0.0010099657556233836
Legendre,1.467799267622069,0.0012005322325637099,0.0008179130886941037,0.009402954723651949,0.0013714148686024463
Legendre,2.154434690031882,0.0017621403317137005,0.0008179130886941037,0.009594832461006536,0.0019277462733191919
Legendre,3.1622776601683795,0.0025864682883366824,0.0008179130886941037,0.010100915519359793,0.00276381177099805
Legendre,4.6415888336127775,0.003796416259348289,0.0008179130886941037,0.01096992567463023,0.004003444424598641
Legendre,6.812920690579608,0.005572377005059933,0.0008179130886941037,0.012328284018298228,0.00582767696852185
Legendre,10.0,0.008179130886941038,0.0008179130886941037,0.014418831144881468,0.008499751482498936
Legendre,14.67799267622069,0.012005322325637098,0.0008179130886941037,0.017644619875807135,0.012399473319999325
Legendre,21.54434690031882,0.017621403317137005,0.0008179130886941037,0.02260749142567259,0.018069285490661457
Legendre,31.622776601683793,0.025864682883366824,0.0008179130886941037,0.030138063345061215,0.02627323140033324
Legendre,46.41588833612777,0.037964162593482884,0.0008179130886941037,0.04133594900707749,0.0380661930178307
Legendre,68.12920690579608,0.05572377005059933,0.0008179130886941037,0.0576302306476028,0.05486191380079868
Legendre,100.0,0.08179130886941037,0.0008179130886941037,0.08082671558027044,0.07847121848923902
B-spline,0.01,8.179205392450458e-06,0.0008179205392450457,0.04075718725771168,0.0004559668560890382
B-spline,0.014677992676220698,1.2005431684769265e-05,0.0008179205392450457,0.03310718116174023,0.00046257650062030457
B-spline,0.021544346900318832,1.762156383439111e-05,0.0008179205392450457,0.027700263563216795,0.000468313918973995
B-spline,0.03162277660168379,2.586491849047482e-05,0.0008179205392450457,0.02386907330004266,0.0004735708552856095
B-spline,0.046415888336127774,3.7964508417423455e-05,0.0008179205392450457,0.02100786974974465,0.00047895371146630466
B-spline,0.06812920690579612,5.572427765072605e-05,0.0008179205392450457,0.018678836030055705,0.0004853633218785641
B-spline,0.1,8.179205392450458e-05,0.0008179205392450457,0.01663809844031653,0.0004942246301513512
B-spline,0.1467799267622069,0.0001200543168476926,0.0008179205392450457,0.014799532343097138,0.0005080329561641712
B-spline,0.21544346900318834,0.0001762156383439111,0.0008179205392450457,0.013172086345449677,0.0005314929026601196
B-spline,0.31622776601683794,0.00025864918490474826,0.0008179205392450457,0.0117993759366317,0.000573482299635566
B-spline,0.46415888336127775,0.0003796450841742346,0.0008179205392450457,0.010720978404460013,0.0006495712443944019
B-spline,0.6812920690579611,0.0005572427765072605,0.0008179205392450457,0.00995961408114582,0.0007839460888242182
B-spline,1.0,0.0008179205392450457,0.0008179205392450457,0.009522472772869226,0.0010099657556232368
B-spline,1.467799267622069,0.0012005431684769259,0.0008179205392450457,0.00940459346186632,0.001371421091009968
B-spline,2.154434690031882,0.0017621563834391099,0.0008179205392450457,0.00959622400371095,0.0019277595387458594
B-spline,3.1622776601683795,0.0025864918490474823,0.0008179205392450457,0.010102080384115714,0.0027638338971562233
B-spline,4.6415888336127775,0.003796450841742346,0.0008179205392450457,0.010970881608894235,0.004003478589396147
B-spline,6.812920690579608,0.005572427765072602,0.0008179205392450457,0.01232904866366782,0.005827728132082064
B-spline,10.0,0.008179205392450458,0.0008179205392450457,0.014419428563319563,0.008499827007998761
B-spline,14.67799267622069,0.012005431684769259,0.0008179205392450457,0.017645086436158156,0.012399583874436848
B-spline,21.54434690031882,0.0176215638343911,0.0008179205392450457,0.022607876805057013,0.01806944627016339
B-spline,31.622776601683793,0.02586491849047482,0.0008179205392450457,0.03013842610645478,0.026273463667076145
B-spline,46.41588833612777,0.03796450841742346,0.0008179205392450457,0.04133635109372022,0.038066525798053016
B-spline,68.12920690579608,0.055724277650726024,0.0008179205392450457,0.05763073494256724,0.05486238530249093
B-spline,100.0,0.08179205392450457,0.0008179205392450457,0.08082738601734292,0.07847187627675664
LLMW,0.01,8.172527414800031e-06,0.000817252741480003,0.03912909782561635,0.00046021017884825474
LLMW,0.014677992676220698,1.1995629754064773e-05,0.000817252741480003,0.032078367333138014,0.00046597688071602653
LLMW,0.021544346900318832,1.760717656768177e-05,0.000817252741480003,0.02715798765967883,0.00047097130550429
LLMW,0.03162277660168379,2.584380087093577e-05,0.000817252741480003,0.02364234531225795,0.00047563575176379506
LLMW,0.046415888336127774,3.793351199093012e-05,0.000817252741480003,0.020937116826299413,0.0004805927825419267
LLMW,0.06812920690579612,5.567878111862023e-05,0.000817252741480003,0.018651625886660018,0.0004867318070640204
LLMW,0.1,8.17252741480003e-05,0.000817252741480003,0.016592516333829226,0.0004954428639252206
LLMW,0.1467799267622069,0.00011995629754064767,0.000817252741480003,0.014712028044408687,0.0005091680959834606
LLMW,0.21544346900318834,0.00017607176567681771,0.000817252741480003,0.013042099553192922,0.0005325516511056026
LLMW,0.31622776601683794,0.0002584380087093577,0.000817252741480003,0.011636473817558718,0.0005744168516140141
LLMW,0.46415888336127775,0.0003793351199093012,0.000817252741480003,0.010536804271267481,0.0006502948625677251
LLMW,0.6812920690579611,0.0005567878111862023,0.000817252741480003,0.009764422991912802,0.0007843560249078662
LLMW,1.0,0.000817252741480003,0.000817252741480003,0.009324310123054555,0.0010099657556233372
LLMW,1.467799267622069,0.0011995629754064764,0.000817252741480003,0.00920935354477193,0.0013709227560421762
LLMW,2.154434690031882,0.001760717656768176,0.000817252741480003,0.009408152698350778,0.0019266548137772267
LLMW,3.1622776601683795,0.0025843800870935774,0.000817252741480003,0.009924705146347171,0.0027619528578354743
LLMW,4.6415888336127775,0.003793351199093012,0.000817252741480003,0.010807715903357256,0.004000544521379433
LLMW,6.812920690579608,0.00556787811186202,0.000817252741480003,0.012183455836986745,0.00582330957006363
LLMW,10.0,0.00817252741480003,0.000817252741480003,0.014293836403715171,0.008493277912998748
LLMW,14.67799267622069,0.011995629754064764,0.000817252741480003,0.017540062643360343,0.012389960747388459
LLMW,21.54434690031882,0.01760717656768176,0.000817252741480003,0.022521425915016765,0.018055395570612233
LLMW,31.622776601683793,0.02584380087093577,0.000817252741480003,0.03006589770698799,0.026253082432181288
LLMW,46.41588833612777,0.03793351199093012,0.000817252741480003,0.041271114255763255,0.038037210884898795
LLMW,68.12920690579608,0.0556787811186202,0.000817252741480003,0.05756515988399021,0.054820708906587634
LLMW,100.0,0.08172527414800031,0.000817252741480003,0.08075359776897732,0.07841357088959962
